{"Pressure": [179, 197, 264, 282, 320, 362, 388, 412, 439, 522, 576, 715, 794, 872, 1059, 1193, 1415, 1852, 2235, 2693, 3862, 5109, 7035, 11354, 17532, 28826, 51493, 106753, 181744, 256735, 331726, 406717, 481708, 556699, 631690, 706681, 781672, 856663, 931654, 1006645, 1081636, 1156627, 1231618, 1306609, 1381600, 1456591, 1531582], "Uptake": [0.2670849777, 0.2722008912, 0.3646231541, 0.3773915022, 0.4055433164, 0.4610681254, 0.5009379536, 0.5361777371, 0.5500178549, 0.6274567791, 0.6490850891, 0.7699592616, 0.8472910089, 0.8826522597, 1.0257334978, 1.0957057607, 1.1655565564, 1.3709004615, 1.552715452, 1.6553123807, 2.0072886538, 2.3290052993, 2.6342095482, 3.40636951, 4.3394306653, 5.7368324159, 7.7918433962, 10.0368148158, 11.3030534059, 11.9478299813, 12.4008169642, 12.6689808566, 12.8851710698, 13.0870710221, 13.096866996, 13.2712939215, 13.4325237911, 13.5444165345, 13.637967728, 13.6830677917, 13.7482170915, 13.7884584664, 13.8959426644, 13.8992008439, 14.0515207357, 14.1306530559, 14.0185888293], "Uptake Stdev": [0.0215876612, 0.0170453763, 0.0322762367, 0.0462601728, 0.0301868225, 0.0229369773, 0.0275395019, 0.0787818653, 0.0449891733, 0.0545692173, 0.0572287147, 0.0730669443, 0.0957540112, 0.082271846, 0.107735448, 0.1056975461, 0.0444410896, 0.0463654559, 0.1069476048, 0.2023013453, 0.1028357742, 0.0810533298, 0.1250998503, 0.1158944835, 0.1197449739, 0.2412535313, 0.153695337, 0.2295368543, 0.1959804831, 0.1411088809, 0.2268542568, 0.1494411146, 0.0935964422, 0.1346339372, 0.1660881892, 0.0916390994, 0.1980598364, 0.1617478463, 0.0880953108, 0.1955133377, 0.1040709053, 0.1537373945, 0.2909280057, 0.2550572378, 0.2928181444, 0.1222173148, 0.1372222532], "Heat": [-37.24467, -36.83604, -36.84359, -37.4293, -37.00373, -37.01794, -37.15043, -37.03658, -36.5545, -37.00635, -36.77746, -36.3202, -36.93744, -36.34669, -36.56842, -36.09188, -36.42481, -34.57905, -33.13998, -33.09172, -33.23948, -32.26777, -30.9645, -29.48197, -29.47687, -29.08214, -29.64757, -31.36964, -32.72404, -33.21424, -33.8338, -33.55139, -34.41869, -34.35565, -34.13488, -33.69286, -35.53677, -33.93042, -33.39052, -34.19182, -34.33367, -32.87517, -34.17937, -35.25733, -33.77925, -34.01737, -36.49761], "Heat Stdev": [0.965155, 0.224626, 0.885846, 0.370559, 0.979236, 0.774477, 0.573969, 1.495053, 0.585511, 1.248075, 1.361167, 0.583139, 1.712552, 1.065046, 0.791927, 0.551235, 1.236451, 1.195413, 1.051046, 1.692839, 3.155263, 2.731535, 2.258018, 1.477384, 1.781469, 2.03292, 1.170023, 1.128321, 1.294697, 3.073683, 3.539457, 2.650718, 3.224424, 1.942483, 5.072836, 1.126047, 3.577456, 2.51089, 1.923719, 3.797151, 4.55743, 1.858279, 2.464195, 3.714001, 4.180741, 3.805012, 1.981904]}