{"Pressure": [33456, 36977, 110304, 183631, 256958, 330285, 403612, 476939, 550266, 623593, 696920, 770247, 843574, 916901, 990228, 1063555, 1136882, 1210209, 1283536, 1356863, 1430190, 1503517], "Uptake": [0.0847644293, 0.092589526, 0.2633033278, 0.4295009308, 0.5674834706, 0.700197112, 0.8264941739, 0.9461659873, 1.0573568862, 1.1454153086, 1.2553541921, 1.362811402, 1.4454742338, 1.5218024635, 1.6015215685, 1.6767542846, 1.7579042644, 1.824007701, 1.8753328833, 1.9355041513, 1.991859753, 2.03843771], "Uptake Stdev": [0.0033442926, 0.0056735595, 0.0087976311, 0.0215683173, 0.0163147965, 0.0305926699, 0.01313722, 0.0155892485, 0.041317253, 0.0328113832, 0.0340115589, 0.0292328746, 0.0369350282, 0.0235118334, 0.0328713578, 0.0552025687, 0.0402289607, 0.0251947208, 0.0446361061, 0.0445542127, 0.0438236851, 0.0513754925], "Heat": [-15.57872, -15.52705, -15.77178, -15.94355, -16.4296, -16.21492, -15.85007, -16.03122, -16.61043, -16.14861, -16.06457, -16.3472, -16.74554, -16.2538, -16.19414, -16.5365, -16.42815, -16.51201, -16.56436, -16.68225, -16.47886, -16.48537], "Heat Stdev": [3.273313, 1.028808, 1.505768, 0.609702, 0.275619, 0.974841, 0.795998, 0.886864, 0.982476, 0.920784, 0.730306, 0.43507, 0.718758, 0.787883, 0.699501, 0.316522, 0.822883, 1.04253, 0.691861, 0.558801, 0.953683, 0.716307]}