{"Pressure": [1, 16, 17, 23, 26, 42, 52, 75, 106, 170, 370, 1194, 8285, 83284, 158283, 233282, 308281, 383280, 458279, 533278, 608277, 683276, 758275, 833274, 908273, 983272, 1058271, 1133270, 1208269], "Uptake": [0.0910096017, 0.9550940501, 0.9706175516, 1.2179055146, 1.2461652927, 1.6456551143, 1.7801498967, 2.115667689, 2.4282169591, 2.7598147506, 3.3086372285, 4.1568404567, 5.296770745, 6.3955782867, 6.6675488408, 6.7695359354, 6.8526459156, 7.0027387243, 7.0103029845, 7.0584459608, 7.148360049, 7.1725954916, 7.2087176288, 7.2351962658, 7.2716761217, 7.3185000103, 7.3505307398, 7.3842010134, 7.4277383613], "Uptake Stdev": [0.0090557331, 0.1400358099, 0.0537569446, 0.0327002632, 0.1763940219, 0.1225159382, 0.0922544004, 0.1224487245, 0.0739008158, 0.1495296833, 0.1490965397, 0.1299630546, 0.1298449676, 0.1404118291, 0.0891170388, 0.1082046374, 0.1370388236, 0.0797332238, 0.0746263226, 0.1641578068, 0.1092988214, 0.135156085, 0.1824839211, 0.1857894105, 0.082604027, 0.2008539953, 0.087527403, 0.2051030784, 0.1443191953], "Heat": [-47.40554, -48.88488, -48.83199, -48.871, -48.26079, -47.45089, -47.69342, -47.00342, -47.5271, -46.60434, -46.17096, -43.42204, -36.25646, -35.9554, -33.8302, -33.23533, -36.5703, -31.67102, -33.50758, -32.68082, -33.71181, -35.33273, -35.00145, -35.41238, -34.56518, -33.52772, -33.20103, -32.00277, -33.52435], "Heat Stdev": [21.540307, 2.255962, 1.514603, 1.703963, 2.62327, 2.065982, 2.304425, 1.333388, 1.887129, 2.010319, 3.098529, 3.088285, 3.669374, 3.432147, 8.887282, 5.814175, 10.5728, 10.345635, 6.085868, 6.968477, 4.589802, 5.5585, 9.128092, 11.139021, 1.80528, 3.909503, 7.398873, 9.9649, 7.524094]}
