{"Pressure": [18166, 20078, 93649, 167740, 241831, 315922, 390013, 464104, 538195, 612286, 686377, 760468, 834559, 908650, 982741, 1056832, 1130923, 1205014, 1279105, 1353196, 1427287, 1501378], "Uptake": [0.0885651906, 0.0959207815, 0.4081943102, 0.6948313313, 0.9316187597, 1.1319412372, 1.2948075847, 1.4655586489, 1.631301651, 1.7666236579, 1.8826139496, 1.9957573965, 2.1089977255, 2.2130938701, 2.2813510714, 2.3817209793, 2.4787670843, 2.5464578977, 2.6204162409, 2.6675754908, 2.7305637936, 2.7979266981], "Uptake Stdev": [0.0048678742, 0.0055654359, 0.0121416867, 0.0266552368, 0.0404382097, 0.0306015135, 0.0326212583, 0.0318390515, 0.0491212488, 0.0301523636, 0.0403990972, 0.0509363448, 0.0348629401, 0.0563342573, 0.0308721341, 0.0275561621, 0.0780768119, 0.0402019475, 0.0731164048, 0.0480630324, 0.0227374747, 0.0671244945], "Heat": [-15.04574, -16.49756, -16.4463, -16.63438, -16.58972, -16.50392, -16.76113, -16.17162, -17.08624, -16.55063, -16.9691, -17.14294, -17.18315, -16.94127, -16.7009, -17.08759, -17.39176, -16.89135, -17.35763, -17.19347, -17.55584, -17.57073], "Heat Stdev": [1.373671, 1.71763, 0.779661, 1.207456, 0.489541, 0.356918, 0.448099, 1.466181, 0.900693, 1.097175, 0.669874, 0.711045, 1.071403, 0.817266, 1.255246, 0.731548, 1.173104, 1.046144, 1.042855, 0.710777, 0.635863, 0.730698]}