,Henry constant (mmol/(bar.g)),Upper limit (bar),datapoints,R squared
0,1135.4699824999998,0.0004,3,0.99516
1,178.25943,0.0004,3,0.99995
2,11.188025249999999,0.004,7,0.99987
